{
  "mouseover": [
        {
            "selector": ".navbar-brand",
            "text": ["要返回 <span style=\"color:#0099cc;\">主页</span> 么？"]
        },
        {
            "selector": ".nav a",
            "text": ["要访问 <span style=\"color:#0099cc;\">{text}</span> 么？"]            
        },
        {
            "selector": ".container_normal a",
            "text": ["要看看 <span style=\"color:#0099cc;\">{text}</span> 么？"]
        },
        {
            "selector": ".waifu_label",
            "text": ["要看看关键词 <span style=\"color:#0099cc;\">{text}</span> 下的所有内容么？"]
        },
        {
            "selector": ".search-query",
            "text": ["想要寻找什么吗？<span style=\"color:#0099cc;\">搜索</span>一下试试看！"]
        },
        {
            "selector": ".waifu #live2d",
            "text": ["干嘛呢你，快把手拿开", "鼠…鼠标放错地方了！"]
        },
        {
            "selector": "time",
            "text": ["这是主人在 <span style=\"color:#0099cc;\">{text}</span> 写的噢~"]
        },
        {
            "selector": "ruby",
            "text": ["这个字念 <span style=\"color:#0099cc;\">{text}</span> 噢~"]
        },
        {
            "selector": "#SOHUCS",
            "text": ["快来发表评论吧~"]
        },
        {
            "selector": "#beian",
            "text": ["本站备过案了噢~"]
        },
        {
            "selector": "#copyright",
            "text": ["本站采用自主开发的框架InfoShare搭建~"]
        },
        {
            "selector": ".waifuinfo",
            "text": ["<span style=\"color:#0099cc;\">{text}</span>"]
        }
    ],
    "click": [
        {
            "selector": ".waifu #live2d",
            "text": ["是…是不小心碰到了吧", "萝莉控是什么呀", "你看到我的小熊了吗", "再摸的话我可要报警了！⌇●﹏●⌇", "110吗，这里有个变态一直在摸我(ó﹏ò｡)"]
        },
        {
            "selector": "#SOHUCS",
            "text": ["想要说些什么呢~"]
        }
    ],
    "seasons": [
        {
            "date": "01/01",
            "text": "<span style=\"color:#0099cc;\">元旦</span>了呢，新的一年又开始了，今年是{year}年~"
        },
        {
            "date": "02/14",
            "text": "又是一年<span style=\"color:#0099cc;\">情人节</span>，{year}年找到对象了嘛~"
        },
        {
            "date": "03/01",
            "text": "今天是<span style=\"color:#0099cc;\">主人生日</span>！快去为他送上祝福吧！"
        },
        {
            "date": "03/08",
            "text": "今天是<span style=\"color:#0099cc;\">妇女节</span>！"
        },
        {
            "date": "03/12",
            "text": "今天是<span style=\"color:#0099cc;\">植树节</span>，要保护环境呀"
        },
        {
            "date": "04/01",
            "text": "悄悄告诉你一个秘密~<span style=\"background-color:#34495e;\">今天是愚人节，不要被骗了哦~</span>"
        },
        {
            "date": "05/01",
            "text": "今天是<span style=\"color:#0099cc;\">五一劳动节</span>，计划好假期去哪里了吗~"
        },
        {
            "date": "06/01",
            "text": "<span style=\"color:#0099cc;\">儿童节</span>了呢，快活的时光总是短暂，要是永远长不大该多好啊…"
        },
        {
            "date": "09/03",
            "text": "<span style=\"color:#0099cc;\">中国人民抗日战争胜利纪念日</span>，铭记历史、缅怀先烈、珍爱和平、开创未来。"
        },
        {
            "date": "09/10",
            "text": "<span style=\"color:#0099cc;\">教师节</span>，在学校要给老师问声好呀~"
        },
        {
            "date": "10/01",
            "text": "<span style=\"color:#0099cc;\">国庆节</span>，新中国已经成立69年了呢"
        },
        {
            "date": "11/05-11/12",
            "text": "今年的<span style=\"color:#0099cc;\">双十一</span>是和谁一起过的呢~"
        },
        {
            "date": "12/20-12/31",
            "text": "这几天是<span style=\"color:#0099cc;\">圣诞节</span>，主人肯定又去剁手买买买了~"
        }
    ]
}
